Performer,Associated Act
David Crosby,The Byrds
David Crosby,"Crosby, Stills, Nash, & Young"
David Crosby,Crosby & Nash
David Crosby,"Crosby, Stills, & Nash"
David Crosby,CPR
David Crosby,Snarky Puppy
David Crosby,Buffalo Springfield
David Crosby,Jefferson Airplane
David Crosby,Phil Collins
Stephen Stills,Au Go Go Singers
Stephen Stills,Buffalo Springfield
Stephen Stills,"Crosby, Stills, Nash, & Young"
Stephen Stills,"Crosby, Stills, & Nash"
Stephen Stills,The Stills-Young Band
Stephen Stills,Manassas
Stephen Stills,The Rides
Stephen Stills,Judy Collins
Graham Nash,The Hollies
Graham Nash,"Crosby, Stills, Nash, & Young"
Graham Nash,"Crosby, Stills, & Nash"
Graham Nash,Crosby & Nash
Graham Nash,David Gilmour
Graham Nash,Jackson Browne
Neil Young,The Squires
Neil Young,The Mynah Birds
Neil Young,Rick James
Neil Young,Buffalo Springfield
Neil Young,"Crosby, Stills, Nash, & Young"
Neil Young,Crazy Horse
Neil Young,The Stray Gators
Neil Young,The Stills-Young Band
Neil Young,The Ducks
Neil Young,Northern Lights
Neil Young,Pearl Jam
Neil Young,Booker T. Jones
Neil Young,Leon Russell
Neil Young,Elton John
Neil Young,Pegi Morton Young
Neil Young,Promise of the Real
Neil Young,Willie Nelson
