Node,Type
David Crosby,Performer
Stephen Stills,Performer
Graham Nash,Performer
Neil Young,Performer
The Byrds,Associated Act
"Crosby, Stills, Nash, & Young",Associated Act
"Crosby, Stills, & Nash",Associated Act
CPR,Associated Act
Snarky Puppy,Associated Act
Buffalo Springfield,Associated Act
Jefferson Airplane,Associated Act
Phil Collins,Associated Act
Au Go Go Singers,Associated Act
The Stills-Young Band,Associated Act
Manassas,Associated Act
The Rides,Associated Act
Judy Collins,Associated Act
The Hollies,Associated Act
Crosby & Nash,Associated Act
David Gilmour,Associated Act
Jackson Browne,Associated Act
The Squires,Associated Act
The Mynah Birds,Associated Act
Rick James,Associated Act
Crazy Horse,Associated Act
The Stray Gators,Associated Act
The Ducks,Associated Act
Northern Lights,Associated Act
Pearl Jam,Associated Act
Booker T. Jones,Associated Act
Leon Russell,Associated Act
Elton John,Associated Act
Pegi Morton Young,Associated Act
Promise of the Real,Associated Act
Willie Nelson,Associated Act
